compound,date,neg,neu,pos,time,tweets ago,user
0.0,2018-03-06,0.0,1.0,0.0,Tue Mar 06 19:30:06 +0000 2018,1,@BBC
-0.4215,2018-03-06,0.219,0.781,0.0,Tue Mar 06 18:30:07 +0000 2018,2,@BBC
0.4939,2018-03-06,0.0,0.873,0.127,Tue Mar 06 18:03:04 +0000 2018,3,@BBC
-0.1027,2018-03-06,0.185,0.65,0.165,Tue Mar 06 17:30:07 +0000 2018,4,@BBC
0.0,2018-03-06,0.0,1.0,0.0,Tue Mar 06 17:25:44 +0000 2018,5,@BBC
0.3182,2018-03-06,0.0,0.881,0.119,Tue Mar 06 17:02:04 +0000 2018,6,@BBC
-0.0644,2018-03-06,0.079,0.853,0.068,Tue Mar 06 15:30:10 +0000 2018,7,@BBC
0.6997,2018-03-06,0.0,0.692,0.308,Tue Mar 06 14:44:33 +0000 2018,8,@BBC
0.8439,2018-03-06,0.0,0.664,0.336,Tue Mar 06 14:30:05 +0000 2018,9,@BBC
0.7269,2018-03-06,0.0,0.724,0.276,Tue Mar 06 13:48:06 +0000 2018,10,@BBC
0.6246,2018-03-06,0.102,0.605,0.293,Tue Mar 06 13:12:33 +0000 2018,11,@BBC
0.0,2018-03-06,0.0,1.0,0.0,Tue Mar 06 13:11:26 +0000 2018,12,@BBC
0.4404,2018-03-06,0.0,0.868,0.132,Tue Mar 06 13:10:12 +0000 2018,13,@BBC
0.5994,2018-03-06,0.0,0.813,0.187,Tue Mar 06 12:30:05 +0000 2018,14,@BBC
0.7901,2018-03-06,0.0,0.72,0.28,Tue Mar 06 10:18:16 +0000 2018,15,@BBC
0.4215,2018-03-06,0.0,0.872,0.128,Tue Mar 06 09:00:05 +0000 2018,16,@BBC
-0.2732,2018-03-06,0.106,0.837,0.057,Tue Mar 06 08:30:10 +0000 2018,17,@BBC
0.5023,2018-03-06,0.0,0.772,0.228,Tue Mar 06 08:03:02 +0000 2018,18,@BBC
0.0,2018-03-05,0.0,1.0,0.0,Mon Mar 05 19:30:07 +0000 2018,19,@BBC
-0.8555,2018-03-05,0.408,0.592,0.0,Mon Mar 05 18:38:04 +0000 2018,20,@BBC
0.6124,2018-03-05,0.0,0.737,0.263,Mon Mar 05 17:23:22 +0000 2018,21,@BBC
0.4472,2018-03-05,0.0,0.789,0.211,Mon Mar 05 17:15:34 +0000 2018,22,@BBC
0.1531,2018-03-05,0.077,0.818,0.105,Mon Mar 05 17:00:31 +0000 2018,23,@BBC
0.0,2018-03-05,0.0,1.0,0.0,Mon Mar 05 14:48:43 +0000 2018,24,@BBC
-0.1779,2018-03-05,0.145,0.855,0.0,Mon Mar 05 14:43:13 +0000 2018,25,@BBC
0.0,2018-03-05,0.0,1.0,0.0,Mon Mar 05 14:42:36 +0000 2018,26,@BBC
-0.6621,2018-03-05,0.24,0.76,0.0,Mon Mar 05 14:11:28 +0000 2018,27,@BBC
0.0,2018-03-05,0.0,1.0,0.0,Mon Mar 05 14:07:00 +0000 2018,28,@BBC
0.0,2018-03-05,0.0,1.0,0.0,Mon Mar 05 13:17:03 +0000 2018,29,@BBC
0.0,2018-03-05,0.0,1.0,0.0,Mon Mar 05 13:07:19 +0000 2018,30,@BBC
0.6369,2018-03-05,0.0,0.811,0.189,Mon Mar 05 12:34:04 +0000 2018,31,@BBC
0.0,2018-03-05,0.0,1.0,0.0,Mon Mar 05 12:33:12 +0000 2018,32,@BBC
0.4199,2018-03-05,0.0,0.843,0.157,Mon Mar 05 11:54:02 +0000 2018,33,@BBC
0.7845,2018-03-05,0.0,0.67,0.33,Mon Mar 05 11:37:55 +0000 2018,34,@BBC
0.7717,2018-03-05,0.0,0.749,0.251,Mon Mar 05 11:00:11 +0000 2018,35,@BBC
0.8384,2018-03-05,0.0,0.655,0.345,Mon Mar 05 10:42:57 +0000 2018,36,@BBC
0.8126,2018-03-05,0.0,0.73,0.27,Mon Mar 05 10:42:50 +0000 2018,37,@BBC
0.0,2018-03-05,0.0,1.0,0.0,Mon Mar 05 10:09:20 +0000 2018,38,@BBC
0.5267,2018-03-05,0.0,0.773,0.227,Mon Mar 05 09:58:23 +0000 2018,39,@BBC
0.7506,2018-03-05,0.0,0.714,0.286,Mon Mar 05 09:30:07 +0000 2018,40,@BBC
0.0,2018-03-05,0.0,1.0,0.0,Mon Mar 05 09:00:05 +0000 2018,41,@BBC
0.0,2018-03-05,0.0,1.0,0.0,Mon Mar 05 08:30:04 +0000 2018,42,@BBC
0.0,2018-03-05,0.0,1.0,0.0,Mon Mar 05 08:00:04 +0000 2018,43,@BBC
0.4019,2018-03-04,0.089,0.726,0.184,Sun Mar 04 20:11:35 +0000 2018,44,@BBC
0.8468,2018-03-04,0.0,0.614,0.386,Sun Mar 04 19:00:05 +0000 2018,45,@BBC
0.4215,2018-03-04,0.0,0.882,0.118,Sun Mar 04 18:59:39 +0000 2018,46,@BBC
-0.3182,2018-03-04,0.099,0.901,0.0,Sun Mar 04 18:00:09 +0000 2018,47,@BBC
0.4588,2018-03-04,0.0,0.889,0.111,Sun Mar 04 16:57:46 +0000 2018,48,@BBC
0.6369,2018-03-04,0.0,0.811,0.189,Sun Mar 04 16:30:12 +0000 2018,49,@BBC
0.3382,2018-03-04,0.0,0.87,0.13,Sun Mar 04 15:30:29 +0000 2018,50,@BBC
0.1779,2018-03-04,0.0,0.876,0.124,Sun Mar 04 15:00:06 +0000 2018,51,@BBC
0.0498,2018-03-04,0.17,0.65,0.18,Sun Mar 04 14:03:03 +0000 2018,52,@BBC
0.802,2018-03-04,0.0,0.702,0.298,Sun Mar 04 13:46:48 +0000 2018,53,@BBC
0.2263,2018-03-04,0.0,0.899,0.101,Sun Mar 04 13:30:06 +0000 2018,54,@BBC
0.0,2018-03-04,0.0,1.0,0.0,Sun Mar 04 12:57:19 +0000 2018,55,@BBC
0.4939,2018-03-04,0.0,0.882,0.118,Sun Mar 04 12:56:49 +0000 2018,56,@BBC
-0.765,2018-03-04,0.28,0.72,0.0,Sun Mar 04 12:56:15 +0000 2018,57,@BBC
0.7003,2018-03-04,0.0,0.775,0.225,Sun Mar 04 12:55:43 +0000 2018,58,@BBC
0.0,2018-03-04,0.0,1.0,0.0,Sun Mar 04 12:33:04 +0000 2018,59,@BBC
0.0,2018-03-04,0.0,1.0,0.0,Sun Mar 04 12:00:07 +0000 2018,60,@BBC
0.0,2018-03-04,0.0,1.0,0.0,Sun Mar 04 11:54:09 +0000 2018,61,@BBC
0.0,2018-03-04,0.0,1.0,0.0,Sun Mar 04 11:34:05 +0000 2018,62,@BBC
0.5141,2018-03-04,0.0,0.678,0.322,Sun Mar 04 11:00:02 +0000 2018,63,@BBC
0.657,2018-03-04,0.0,0.715,0.285,Sun Mar 04 10:33:01 +0000 2018,64,@BBC
0.0,2018-03-04,0.0,1.0,0.0,Sun Mar 04 09:30:03 +0000 2018,65,@BBC
0.6249,2018-03-03,0.0,0.745,0.255,Sat Mar 03 21:21:40 +0000 2018,66,@BBC
0.296,2018-03-03,0.0,0.833,0.167,Sat Mar 03 19:36:06 +0000 2018,67,@BBC
0.1695,2018-03-03,0.11,0.72,0.17,Sat Mar 03 19:00:05 +0000 2018,68,@BBC
-0.7717,2018-03-03,0.271,0.729,0.0,Sat Mar 03 18:00:16 +0000 2018,69,@BBC
0.0,2018-03-03,0.0,1.0,0.0,Sat Mar 03 17:58:00 +0000 2018,70,@BBC
0.0,2018-03-03,0.0,1.0,0.0,Sat Mar 03 17:57:56 +0000 2018,71,@BBC
-0.6705,2018-03-03,0.256,0.744,0.0,Sat Mar 03 17:46:46 +0000 2018,72,@BBC
0.0,2018-03-03,0.0,1.0,0.0,Sat Mar 03 17:00:03 +0000 2018,73,@BBC
0.0,2018-03-03,0.0,1.0,0.0,Sat Mar 03 16:00:08 +0000 2018,74,@BBC
0.0,2018-03-03,0.0,1.0,0.0,Sat Mar 03 15:26:56 +0000 2018,75,@BBC
0.4754,2018-03-03,0.0,0.877,0.123,Sat Mar 03 15:26:39 +0000 2018,76,@BBC
0.0,2018-03-03,0.0,1.0,0.0,Sat Mar 03 15:07:50 +0000 2018,77,@BBC
-0.4404,2018-03-03,0.2,0.709,0.091,Sat Mar 03 15:07:40 +0000 2018,78,@BBC
-0.296,2018-03-03,0.115,0.885,0.0,Sat Mar 03 15:00:07 +0000 2018,79,@BBC
-0.5514,2018-03-03,0.229,0.771,0.0,Sat Mar 03 13:30:04 +0000 2018,80,@BBC
0.0,2018-03-03,0.0,1.0,0.0,Sat Mar 03 12:30:30 +0000 2018,81,@BBC
-0.296,2018-03-03,0.355,0.645,0.0,Sat Mar 03 12:00:04 +0000 2018,82,@BBC
-0.3612,2018-03-03,0.143,0.857,0.0,Sat Mar 03 11:29:49 +0000 2018,83,@BBC
0.6114,2018-03-03,0.0,0.778,0.222,Sat Mar 03 11:18:14 +0000 2018,84,@BBC
-0.3612,2018-03-03,0.134,0.791,0.075,Sat Mar 03 11:00:11 +0000 2018,85,@BBC
0.5719,2018-03-03,0.0,0.844,0.156,Sat Mar 03 10:42:24 +0000 2018,86,@BBC
0.0,2018-03-03,0.0,1.0,0.0,Sat Mar 03 10:41:48 +0000 2018,87,@BBC
0.7569,2018-03-03,0.0,0.728,0.272,Sat Mar 03 10:00:04 +0000 2018,88,@BBC
0.0,2018-03-03,0.0,1.0,0.0,Sat Mar 03 09:39:33 +0000 2018,89,@BBC
0.0,2018-03-03,0.0,1.0,0.0,Sat Mar 03 09:39:27 +0000 2018,90,@BBC
0.2732,2018-03-03,0.0,0.896,0.104,Sat Mar 03 09:00:07 +0000 2018,91,@BBC
-0.4767,2018-03-02,0.193,0.807,0.0,Fri Mar 02 20:35:03 +0000 2018,92,@BBC
0.4588,2018-03-02,0.0,0.833,0.167,Fri Mar 02 19:00:09 +0000 2018,93,@BBC
0.0,2018-03-02,0.0,1.0,0.0,Fri Mar 02 18:00:11 +0000 2018,94,@BBC
0.0,2018-03-02,0.0,1.0,0.0,Fri Mar 02 17:30:03 +0000 2018,95,@BBC
0.9184,2018-03-02,0.0,0.546,0.454,Fri Mar 02 15:43:22 +0000 2018,96,@BBC
0.0,2018-03-02,0.0,1.0,0.0,Fri Mar 02 15:03:04 +0000 2018,97,@BBC
0.7684,2018-03-02,0.0,0.647,0.353,Fri Mar 02 14:30:11 +0000 2018,98,@BBC
0.0,2018-03-02,0.0,1.0,0.0,Fri Mar 02 14:03:04 +0000 2018,99,@BBC
-0.5095,2018-03-02,0.215,0.785,0.0,Fri Mar 02 13:00:04 +0000 2018,100,@BBC
0.6705,2018-03-06,0.0,0.756,0.244,Tue Mar 06 18:10:59 +0000 2018,1,@CBS
0.3818,2018-03-05,0.0,0.833,0.167,Mon Mar 05 22:16:43 +0000 2018,2,@CBS
0.4404,2018-03-04,0.0,0.884,0.116,Sun Mar 04 08:05:26 +0000 2018,3,@CBS
0.0,2018-03-03,0.0,1.0,0.0,Sat Mar 03 20:55:20 +0000 2018,4,@CBS
0.7096,2018-03-02,0.0,0.753,0.247,Fri Mar 02 22:30:01 +0000 2018,5,@CBS
0.7096,2018-03-02,0.0,0.718,0.282,Fri Mar 02 20:30:01 +0000 2018,6,@CBS
0.4939,2018-03-02,0.0,0.849,0.151,Fri Mar 02 18:45:00 +0000 2018,7,@CBS
-0.6981,2018-03-01,0.21,0.79,0.0,Thu Mar 01 18:59:01 +0000 2018,8,@CBS
0.4547,2018-03-01,0.092,0.749,0.159,Thu Mar 01 18:12:57 +0000 2018,9,@CBS
0.8591,2018-03-01,0.0,0.462,0.538,Thu Mar 01 18:11:50 +0000 2018,10,@CBS
0.4885,2018-03-01,0.151,0.615,0.234,Thu Mar 01 18:10:50 +0000 2018,11,@CBS
0.5994,2018-03-01,0.0,0.822,0.178,Thu Mar 01 14:36:21 +0000 2018,12,@CBS
0.7717,2018-03-01,0.0,0.675,0.325,Thu Mar 01 14:29:20 +0000 2018,13,@CBS
0.6908,2018-03-01,0.0,0.725,0.275,Thu Mar 01 14:15:29 +0000 2018,14,@CBS
0.0,2018-03-01,0.0,1.0,0.0,Thu Mar 01 13:50:11 +0000 2018,15,@CBS
0.0,2018-03-01,0.0,1.0,0.0,Thu Mar 01 01:04:52 +0000 2018,16,@CBS
0.0,2018-02-28,0.0,1.0,0.0,Wed Feb 28 19:56:58 +0000 2018,17,@CBS
0.4404,2018-02-28,0.0,0.884,0.116,Wed Feb 28 19:08:30 +0000 2018,18,@CBS
0.5562,2018-02-27,0.0,0.848,0.152,Tue Feb 27 03:23:47 +0000 2018,19,@CBS
0.0,2018-02-26,0.0,1.0,0.0,Mon Feb 26 22:50:32 +0000 2018,20,@CBS
0.0,2018-02-26,0.0,1.0,0.0,Mon Feb 26 21:08:30 +0000 2018,21,@CBS
0.4482,2018-02-26,0.0,0.895,0.105,Mon Feb 26 19:53:41 +0000 2018,22,@CBS
0.784,2018-02-26,0.0,0.734,0.266,Mon Feb 26 18:32:36 +0000 2018,23,@CBS
0.9359,2018-02-26,0.0,0.571,0.429,Mon Feb 26 18:20:16 +0000 2018,24,@CBS
-0.5423,2018-02-26,0.184,0.816,0.0,Mon Feb 26 16:53:56 +0000 2018,25,@CBS
0.0,2018-02-26,0.0,1.0,0.0,Mon Feb 26 16:52:01 +0000 2018,26,@CBS
0.0,2018-02-26,0.0,1.0,0.0,Mon Feb 26 16:17:55 +0000 2018,27,@CBS
0.7644,2018-02-26,0.0,0.769,0.231,Mon Feb 26 01:12:32 +0000 2018,28,@CBS
0.0,2018-02-25,0.0,1.0,0.0,Sun Feb 25 21:51:32 +0000 2018,29,@CBS
0.0,2018-02-25,0.0,1.0,0.0,Sun Feb 25 21:51:22 +0000 2018,30,@CBS
0.5093,2018-02-23,0.0,0.845,0.155,Fri Feb 23 18:15:40 +0000 2018,31,@CBS
0.0,2018-02-22,0.0,1.0,0.0,Thu Feb 22 19:26:52 +0000 2018,32,@CBS
0.0,2018-02-21,0.0,1.0,0.0,Wed Feb 21 19:20:04 +0000 2018,33,@CBS
0.6808,2018-02-21,0.0,0.752,0.248,Wed Feb 21 18:19:25 +0000 2018,34,@CBS
0.4404,2018-02-20,0.0,0.884,0.116,Tue Feb 20 19:55:19 +0000 2018,35,@CBS
-0.4019,2018-02-20,0.119,0.881,0.0,Tue Feb 20 17:58:18 +0000 2018,36,@CBS
0.3612,2018-02-20,0.0,0.872,0.128,Tue Feb 20 17:39:51 +0000 2018,37,@CBS
0.6124,2018-02-17,0.0,0.773,0.227,Sat Feb 17 01:07:20 +0000 2018,38,@CBS
0.3182,2018-02-16,0.0,0.892,0.108,Fri Feb 16 18:42:43 +0000 2018,39,@CBS
0.68,2018-02-16,0.0,0.752,0.248,Fri Feb 16 17:48:20 +0000 2018,40,@CBS
0.8619,2018-02-14,0.0,0.534,0.466,Wed Feb 14 19:23:27 +0000 2018,41,@CBS
0.0,2018-02-13,0.0,1.0,0.0,Tue Feb 13 20:03:56 +0000 2018,42,@CBS
0.7506,2018-02-13,0.0,0.748,0.252,Tue Feb 13 18:54:52 +0000 2018,43,@CBS
0.0,2018-02-12,0.0,1.0,0.0,Mon Feb 12 18:49:45 +0000 2018,44,@CBS
0.0,2018-02-12,0.0,1.0,0.0,Mon Feb 12 01:32:33 +0000 2018,45,@CBS
0.8478,2018-02-09,0.0,0.696,0.304,Fri Feb 09 00:50:01 +0000 2018,46,@CBS
-0.5859,2018-02-08,0.186,0.814,0.0,Thu Feb 08 16:09:35 +0000 2018,47,@CBS
0.0516,2018-02-07,0.0,0.934,0.066,Wed Feb 07 18:35:19 +0000 2018,48,@CBS
0.5574,2018-02-07,0.152,0.536,0.312,Wed Feb 07 16:17:48 +0000 2018,49,@CBS
0.0,2018-02-06,0.0,1.0,0.0,Tue Feb 06 22:21:39 +0000 2018,50,@CBS
0.0772,2018-02-06,0.106,0.773,0.121,Tue Feb 06 17:05:49 +0000 2018,51,@CBS
0.0,2018-02-04,0.0,1.0,0.0,Sun Feb 04 15:35:36 +0000 2018,52,@CBS
0.1531,2018-02-04,0.0,0.882,0.118,Sun Feb 04 12:00:01 +0000 2018,53,@CBS
0.0,2018-02-03,0.0,1.0,0.0,Sat Feb 03 23:11:43 +0000 2018,54,@CBS
0.8268,2018-02-03,0.0,0.662,0.338,Sat Feb 03 12:00:07 +0000 2018,55,@CBS
-0.0772,2018-02-02,0.075,0.925,0.0,Fri Feb 02 22:36:13 +0000 2018,56,@CBS
0.4019,2018-02-02,0.0,0.856,0.144,Fri Feb 02 20:07:40 +0000 2018,57,@CBS
0.4003,2018-02-02,0.0,0.876,0.124,Fri Feb 02 19:03:33 +0000 2018,58,@CBS
0.6114,2018-02-02,0.0,0.834,0.166,Fri Feb 02 17:23:18 +0000 2018,59,@CBS
0.0,2018-02-01,0.0,1.0,0.0,Thu Feb 01 22:04:41 +0000 2018,60,@CBS
0.0,2018-02-01,0.0,1.0,0.0,Thu Feb 01 20:09:49 +0000 2018,61,@CBS
0.1139,2018-01-31,0.0,0.912,0.088,Wed Jan 31 21:42:15 +0000 2018,62,@CBS
0.1007,2018-01-31,0.115,0.75,0.135,Wed Jan 31 17:05:47 +0000 2018,63,@CBS
0.4588,2018-01-31,0.0,0.812,0.188,Wed Jan 31 16:37:17 +0000 2018,64,@CBS
0.1779,2018-01-31,0.095,0.779,0.126,Wed Jan 31 06:55:30 +0000 2018,65,@CBS
-0.2263,2018-01-31,0.252,0.569,0.179,Wed Jan 31 02:15:16 +0000 2018,66,@CBS
-0.4767,2018-01-31,0.256,0.744,0.0,Wed Jan 31 01:58:40 +0000 2018,67,@CBS
0.4939,2018-01-31,0.119,0.625,0.256,Wed Jan 31 01:52:46 +0000 2018,68,@CBS
0.5093,2018-01-31,0.0,0.81,0.19,Wed Jan 31 01:49:43 +0000 2018,69,@CBS
0.8261,2018-01-31,0.0,0.566,0.434,Wed Jan 31 01:31:27 +0000 2018,70,@CBS
0.8309,2018-01-31,0.0,0.586,0.414,Wed Jan 31 01:29:10 +0000 2018,71,@CBS
0.6588,2018-01-31,0.0,0.614,0.386,Wed Jan 31 01:24:16 +0000 2018,72,@CBS
-0.5106,2018-01-31,0.398,0.602,0.0,Wed Jan 31 01:18:37 +0000 2018,73,@CBS
0.0,2018-01-31,0.0,1.0,0.0,Wed Jan 31 01:17:37 +0000 2018,74,@CBS
0.7525,2018-01-31,0.0,0.651,0.349,Wed Jan 31 01:16:15 +0000 2018,75,@CBS
0.0,2018-01-31,0.0,1.0,0.0,Wed Jan 31 01:08:01 +0000 2018,76,@CBS
0.8516,2018-01-31,0.0,0.42,0.58,Wed Jan 31 01:04:34 +0000 2018,77,@CBS
0.8442,2018-01-31,0.0,0.649,0.351,Wed Jan 31 01:00:35 +0000 2018,78,@CBS
0.923,2018-01-31,0.0,0.594,0.406,Wed Jan 31 00:55:04 +0000 2018,79,@CBS
0.5994,2018-01-31,0.0,0.794,0.206,Wed Jan 31 00:37:20 +0000 2018,80,@CBS
0.8834,2018-01-31,0.0,0.593,0.407,Wed Jan 31 00:11:53 +0000 2018,81,@CBS
0.8553,2018-01-30,0.0,0.724,0.276,Tue Jan 30 23:35:01 +0000 2018,82,@CBS
0.8553,2018-01-30,0.0,0.694,0.306,Tue Jan 30 21:19:22 +0000 2018,83,@CBS
0.9215,2018-01-30,0.0,0.609,0.391,Tue Jan 30 18:46:04 +0000 2018,84,@CBS
0.0,2018-01-30,0.0,1.0,0.0,Tue Jan 30 16:00:02 +0000 2018,85,@CBS
0.5994,2018-01-30,0.0,0.813,0.187,Tue Jan 30 04:03:31 +0000 2018,86,@CBS
0.6908,2018-01-30,0.0,0.711,0.289,Tue Jan 30 03:17:51 +0000 2018,87,@CBS
0.0,2018-01-30,0.0,1.0,0.0,Tue Jan 30 02:12:15 +0000 2018,88,@CBS
-0.296,2018-01-30,0.115,0.885,0.0,Tue Jan 30 01:29:06 +0000 2018,89,@CBS
0.0,2018-01-30,0.0,1.0,0.0,Tue Jan 30 00:11:05 +0000 2018,90,@CBS
0.3818,2018-01-29,0.0,0.885,0.115,Mon Jan 29 22:45:21 +0000 2018,91,@CBS
0.5093,2018-01-29,0.079,0.758,0.162,Mon Jan 29 22:10:15 +0000 2018,92,@CBS
0.0,2018-01-29,0.0,1.0,0.0,Mon Jan 29 20:00:04 +0000 2018,93,@CBS
0.7783,2018-01-29,0.0,0.714,0.286,Mon Jan 29 19:00:05 +0000 2018,94,@CBS
0.9259,2018-01-29,0.0,0.558,0.442,Mon Jan 29 18:00:02 +0000 2018,95,@CBS
0.0,2018-01-29,0.0,1.0,0.0,Mon Jan 29 17:15:04 +0000 2018,96,@CBS
0.5106,2018-01-29,0.0,0.837,0.163,Mon Jan 29 16:00:05 +0000 2018,97,@CBS
0.1531,2018-01-29,0.0,0.914,0.086,Mon Jan 29 15:00:03 +0000 2018,98,@CBS
0.3182,2018-01-29,0.123,0.741,0.136,Mon Jan 29 14:00:02 +0000 2018,99,@CBS
0.6597,2018-01-29,0.0,0.707,0.293,Mon Jan 29 13:00:01 +0000 2018,100,@CBS
0.0,2018-03-07,0.0,1.0,0.0,Wed Mar 07 01:31:05 +0000 2018,1,@CNN
-0.796,2018-03-07,0.262,0.738,0.0,Wed Mar 07 01:26:06 +0000 2018,2,@CNN
-0.4939,2018-03-07,0.208,0.792,0.0,Wed Mar 07 01:21:14 +0000 2018,3,@CNN
-0.802,2018-03-07,0.286,0.714,0.0,Wed Mar 07 01:11:03 +0000 2018,4,@CNN
0.0,2018-03-07,0.0,1.0,0.0,Wed Mar 07 01:06:20 +0000 2018,5,@CNN
-0.7269,2018-03-07,0.276,0.724,0.0,Wed Mar 07 01:06:05 +0000 2018,6,@CNN
0.0,2018-03-07,0.0,1.0,0.0,Wed Mar 07 01:04:12 +0000 2018,7,@CNN
-0.5267,2018-03-07,0.159,0.841,0.0,Wed Mar 07 01:01:06 +0000 2018,8,@CNN
-0.7351,2018-03-07,0.292,0.708,0.0,Wed Mar 07 00:56:52 +0000 2018,9,@CNN
0.3612,2018-03-07,0.0,0.667,0.333,Wed Mar 07 00:56:06 +0000 2018,10,@CNN
0.0,2018-03-07,0.0,1.0,0.0,Wed Mar 07 00:51:05 +0000 2018,11,@CNN
0.4767,2018-03-07,0.0,0.86,0.14,Wed Mar 07 00:41:07 +0000 2018,12,@CNN
-0.7351,2018-03-07,0.256,0.744,0.0,Wed Mar 07 00:38:15 +0000 2018,13,@CNN
-0.4588,2018-03-07,0.222,0.778,0.0,Wed Mar 07 00:36:03 +0000 2018,14,@CNN
0.6369,2018-03-07,0.0,0.811,0.189,Wed Mar 07 00:31:07 +0000 2018,15,@CNN
0.0,2018-03-07,0.0,1.0,0.0,Wed Mar 07 00:26:03 +0000 2018,16,@CNN
-0.3612,2018-03-07,0.111,0.889,0.0,Wed Mar 07 00:20:34 +0000 2018,17,@CNN
0.128,2018-03-07,0.0,0.897,0.103,Wed Mar 07 00:18:16 +0000 2018,18,@CNN
0.0,2018-03-07,0.0,1.0,0.0,Wed Mar 07 00:15:25 +0000 2018,19,@CNN
0.3818,2018-03-07,0.0,0.898,0.102,Wed Mar 07 00:15:11 +0000 2018,20,@CNN
0.3182,2018-03-07,0.0,0.897,0.103,Wed Mar 07 00:08:04 +0000 2018,21,@CNN
0.1531,2018-03-06,0.0,0.909,0.091,Tue Mar 06 23:58:04 +0000 2018,22,@CNN
-0.2732,2018-03-06,0.13,0.87,0.0,Tue Mar 06 23:49:07 +0000 2018,23,@CNN
-0.5267,2018-03-06,0.185,0.815,0.0,Tue Mar 06 23:41:06 +0000 2018,24,@CNN
-0.5267,2018-03-06,0.175,0.825,0.0,Tue Mar 06 23:38:01 +0000 2018,25,@CNN
-0.1531,2018-03-06,0.082,0.865,0.053,Tue Mar 06 23:36:04 +0000 2018,26,@CNN
0.0,2018-03-06,0.0,1.0,0.0,Tue Mar 06 23:31:07 +0000 2018,27,@CNN
0.7269,2018-03-06,0.0,0.724,0.276,Tue Mar 06 23:27:05 +0000 2018,28,@CNN
0.0,2018-03-06,0.0,1.0,0.0,Tue Mar 06 23:21:03 +0000 2018,29,@CNN
-0.1531,2018-03-06,0.095,0.833,0.071,Tue Mar 06 23:20:18 +0000 2018,30,@CNN
-0.4767,2018-03-06,0.154,0.846,0.0,Tue Mar 06 23:18:24 +0000 2018,31,@CNN
0.0,2018-03-06,0.0,1.0,0.0,Tue Mar 06 23:16:03 +0000 2018,32,@CNN
0.4939,2018-03-06,0.082,0.659,0.258,Tue Mar 06 23:11:07 +0000 2018,33,@CNN
0.0,2018-03-06,0.0,1.0,0.0,Tue Mar 06 23:03:38 +0000 2018,34,@CNN
0.4585,2018-03-06,0.0,0.885,0.115,Tue Mar 06 22:53:38 +0000 2018,35,@CNN
0.4585,2018-03-06,0.0,0.87,0.13,Tue Mar 06 22:52:43 +0000 2018,36,@CNN
-0.4939,2018-03-06,0.144,0.856,0.0,Tue Mar 06 22:51:05 +0000 2018,37,@CNN
-0.362,2018-03-06,0.147,0.786,0.068,Tue Mar 06 22:46:07 +0000 2018,38,@CNN
-0.1779,2018-03-06,0.107,0.815,0.077,Tue Mar 06 22:45:17 +0000 2018,39,@CNN
-0.0258,2018-03-06,0.114,0.778,0.108,Tue Mar 06 22:42:32 +0000 2018,40,@CNN
0.0,2018-03-06,0.0,1.0,0.0,Tue Mar 06 22:41:05 +0000 2018,41,@CNN
-0.5859,2018-03-06,0.194,0.806,0.0,Tue Mar 06 22:36:06 +0000 2018,42,@CNN
0.7713,2018-03-06,0.0,0.705,0.295,Tue Mar 06 22:31:55 +0000 2018,43,@CNN
0.0,2018-03-06,0.0,1.0,0.0,Tue Mar 06 22:26:03 +0000 2018,44,@CNN
0.1531,2018-03-06,0.0,0.909,0.091,Tue Mar 06 22:21:05 +0000 2018,45,@CNN
0.2023,2018-03-06,0.0,0.913,0.087,Tue Mar 06 22:16:06 +0000 2018,46,@CNN
-0.5574,2018-03-06,0.187,0.813,0.0,Tue Mar 06 22:11:06 +0000 2018,47,@CNN
0.0,2018-03-06,0.0,1.0,0.0,Tue Mar 06 22:10:08 +0000 2018,48,@CNN
0.1779,2018-03-06,0.104,0.763,0.133,Tue Mar 06 22:01:52 +0000 2018,49,@CNN
-0.1027,2018-03-06,0.139,0.739,0.122,Tue Mar 06 21:58:56 +0000 2018,50,@CNN
0.3612,2018-03-06,0.07,0.793,0.137,Tue Mar 06 21:49:09 +0000 2018,51,@CNN
0.2732,2018-03-06,0.0,0.9,0.1,Tue Mar 06 21:32:19 +0000 2018,52,@CNN
-0.296,2018-03-06,0.109,0.891,0.0,Tue Mar 06 21:25:43 +0000 2018,53,@CNN
0.0,2018-03-06,0.0,1.0,0.0,Tue Mar 06 21:22:19 +0000 2018,54,@CNN
0.0,2018-03-06,0.0,1.0,0.0,Tue Mar 06 21:18:43 +0000 2018,55,@CNN
-0.4019,2018-03-06,0.162,0.747,0.091,Tue Mar 06 21:11:16 +0000 2018,56,@CNN
-0.7269,2018-03-06,0.264,0.736,0.0,Tue Mar 06 21:02:06 +0000 2018,57,@CNN
0.0,2018-03-06,0.0,1.0,0.0,Tue Mar 06 21:00:57 +0000 2018,58,@CNN
-0.796,2018-03-06,0.262,0.738,0.0,Tue Mar 06 20:45:54 +0000 2018,59,@CNN
0.0,2018-03-06,0.0,1.0,0.0,Tue Mar 06 20:40:16 +0000 2018,60,@CNN
0.0,2018-03-06,0.0,1.0,0.0,Tue Mar 06 20:37:41 +0000 2018,61,@CNN
0.7003,2018-03-06,0.057,0.65,0.293,Tue Mar 06 20:19:22 +0000 2018,62,@CNN
0.0,2018-03-06,0.0,1.0,0.0,Tue Mar 06 20:16:58 +0000 2018,63,@CNN
-0.128,2018-03-06,0.096,0.83,0.074,Tue Mar 06 20:05:27 +0000 2018,64,@CNN
-0.3612,2018-03-06,0.214,0.647,0.139,Tue Mar 06 20:02:42 +0000 2018,65,@CNN
-0.2732,2018-03-06,0.1,0.9,0.0,Tue Mar 06 19:53:42 +0000 2018,66,@CNN
0.0,2018-03-06,0.0,1.0,0.0,Tue Mar 06 19:43:34 +0000 2018,67,@CNN
0.0,2018-03-06,0.0,1.0,0.0,Tue Mar 06 19:41:42 +0000 2018,68,@CNN
-0.4588,2018-03-06,0.211,0.789,0.0,Tue Mar 06 19:37:19 +0000 2018,69,@CNN
0.34,2018-03-06,0.0,0.897,0.103,Tue Mar 06 19:33:40 +0000 2018,70,@CNN
0.6249,2018-03-06,0.0,0.837,0.163,Tue Mar 06 19:19:02 +0000 2018,71,@CNN
0.0,2018-03-06,0.0,1.0,0.0,Tue Mar 06 19:03:30 +0000 2018,72,@CNN
0.0258,2018-03-06,0.0,0.948,0.052,Tue Mar 06 18:55:15 +0000 2018,73,@CNN
-0.1779,2018-03-06,0.082,0.918,0.0,Tue Mar 06 18:45:19 +0000 2018,74,@CNN
0.0,2018-03-06,0.0,1.0,0.0,Tue Mar 06 18:33:16 +0000 2018,75,@CNN
-0.5228,2018-03-06,0.144,0.856,0.0,Tue Mar 06 18:20:14 +0000 2018,76,@CNN
0.1779,2018-03-06,0.0,0.914,0.086,Tue Mar 06 18:15:19 +0000 2018,77,@CNN
0.0,2018-03-06,0.0,1.0,0.0,Tue Mar 06 18:11:44 +0000 2018,78,@CNN
0.0,2018-03-06,0.0,1.0,0.0,Tue Mar 06 18:01:28 +0000 2018,79,@CNN
0.0,2018-03-06,0.0,1.0,0.0,Tue Mar 06 17:52:16 +0000 2018,80,@CNN
0.0,2018-03-06,0.0,1.0,0.0,Tue Mar 06 17:51:46 +0000 2018,81,@CNN
0.0,2018-03-06,0.0,1.0,0.0,Tue Mar 06 17:40:08 +0000 2018,82,@CNN
-0.5267,2018-03-06,0.159,0.841,0.0,Tue Mar 06 17:30:08 +0000 2018,83,@CNN
-0.6369,2018-03-06,0.259,0.741,0.0,Tue Mar 06 17:23:01 +0000 2018,84,@CNN
0.7003,2018-03-06,0.06,0.685,0.254,Tue Mar 06 17:09:45 +0000 2018,85,@CNN
0.2263,2018-03-06,0.0,0.894,0.106,Tue Mar 06 16:58:50 +0000 2018,86,@CNN
-0.3612,2018-03-06,0.214,0.647,0.139,Tue Mar 06 16:57:00 +0000 2018,87,@CNN
-0.296,2018-03-06,0.155,0.845,0.0,Tue Mar 06 16:45:07 +0000 2018,88,@CNN
0.0,2018-03-06,0.0,1.0,0.0,Tue Mar 06 16:35:06 +0000 2018,89,@CNN
0.0,2018-03-06,0.0,1.0,0.0,Tue Mar 06 16:24:24 +0000 2018,90,@CNN
-0.8225,2018-03-06,0.489,0.511,0.0,Tue Mar 06 16:13:05 +0000 2018,91,@CNN
0.3182,2018-03-06,0.0,0.897,0.103,Tue Mar 06 16:00:29 +0000 2018,92,@CNN
0.0,2018-03-06,0.0,1.0,0.0,Tue Mar 06 15:52:07 +0000 2018,93,@CNN
0.7096,2018-03-06,0.0,0.753,0.247,Tue Mar 06 15:41:28 +0000 2018,94,@CNN
-0.3612,2018-03-06,0.162,0.734,0.104,Tue Mar 06 15:33:06 +0000 2018,95,@CNN
0.0,2018-03-06,0.064,0.872,0.064,Tue Mar 06 15:32:46 +0000 2018,96,@CNN
-0.4404,2018-03-06,0.182,0.818,0.0,Tue Mar 06 15:21:01 +0000 2018,97,@CNN
0.3182,2018-03-06,0.0,0.859,0.141,Tue Mar 06 15:17:08 +0000 2018,98,@CNN
0.0,2018-03-06,0.0,1.0,0.0,Tue Mar 06 15:10:18 +0000 2018,99,@CNN
-0.7269,2018-03-06,0.441,0.559,0.0,Tue Mar 06 15:00:13 +0000 2018,100,@CNN
-0.2263,2018-03-07,0.148,0.741,0.111,Wed Mar 07 01:32:58 +0000 2018,1,@FoxNews
-0.5994,2018-03-07,0.262,0.738,0.0,Wed Mar 07 01:23:46 +0000 2018,2,@FoxNews
-0.5267,2018-03-07,0.221,0.779,0.0,Wed Mar 07 01:12:14 +0000 2018,3,@FoxNews
0.0,2018-03-07,0.0,1.0,0.0,Wed Mar 07 01:02:53 +0000 2018,4,@FoxNews
0.4939,2018-03-07,0.0,0.842,0.158,Wed Mar 07 00:52:14 +0000 2018,5,@FoxNews
-0.4973,2018-03-07,0.199,0.801,0.0,Wed Mar 07 00:43:18 +0000 2018,6,@FoxNews
0.2144,2018-03-07,0.0,0.866,0.134,Wed Mar 07 00:35:32 +0000 2018,7,@FoxNews
0.0,2018-03-07,0.0,1.0,0.0,Wed Mar 07 00:26:19 +0000 2018,8,@FoxNews
-0.5574,2018-03-07,0.184,0.816,0.0,Wed Mar 07 00:15:11 +0000 2018,9,@FoxNews
0.128,2018-03-07,0.105,0.766,0.129,Wed Mar 07 00:02:12 +0000 2018,10,@FoxNews
0.2023,2018-03-06,0.0,0.878,0.122,Tue Mar 06 23:46:49 +0000 2018,11,@FoxNews
0.5267,2018-03-06,0.0,0.833,0.167,Tue Mar 06 23:43:20 +0000 2018,12,@FoxNews
0.7003,2018-03-06,0.0,0.746,0.254,Tue Mar 06 23:30:10 +0000 2018,13,@FoxNews
-0.4404,2018-03-06,0.24,0.644,0.116,Tue Mar 06 23:25:39 +0000 2018,14,@FoxNews
-0.34,2018-03-06,0.167,0.833,0.0,Tue Mar 06 23:07:48 +0000 2018,15,@FoxNews
0.0,2018-03-06,0.0,1.0,0.0,Tue Mar 06 23:03:33 +0000 2018,16,@FoxNews
-0.5574,2018-03-06,0.205,0.795,0.0,Tue Mar 06 22:54:36 +0000 2018,17,@FoxNews
0.0,2018-03-06,0.0,1.0,0.0,Tue Mar 06 22:50:00 +0000 2018,18,@FoxNews
-0.34,2018-03-06,0.179,0.821,0.0,Tue Mar 06 22:45:56 +0000 2018,19,@FoxNews
-0.34,2018-03-06,0.287,0.562,0.152,Tue Mar 06 22:45:23 +0000 2018,20,@FoxNews
-0.1531,2018-03-06,0.182,0.682,0.136,Tue Mar 06 22:42:03 +0000 2018,21,@FoxNews
-0.4019,2018-03-06,0.162,0.838,0.0,Tue Mar 06 22:32:22 +0000 2018,22,@FoxNews
0.0516,2018-03-06,0.151,0.685,0.164,Tue Mar 06 22:23:53 +0000 2018,23,@FoxNews
0.0516,2018-03-06,0.146,0.696,0.158,Tue Mar 06 22:22:51 +0000 2018,24,@FoxNews
0.2732,2018-03-06,0.0,0.9,0.1,Tue Mar 06 22:16:31 +0000 2018,25,@FoxNews
-0.4019,2018-03-06,0.225,0.695,0.08,Tue Mar 06 22:06:10 +0000 2018,26,@FoxNews
0.3182,2018-03-06,0.13,0.628,0.242,Tue Mar 06 21:45:38 +0000 2018,27,@FoxNews
0.3612,2018-03-06,0.07,0.793,0.137,Tue Mar 06 21:28:04 +0000 2018,28,@FoxNews
0.7845,2018-03-06,0.0,0.655,0.345,Tue Mar 06 21:20:20 +0000 2018,29,@FoxNews
0.25,2018-03-06,0.0,0.895,0.105,Tue Mar 06 21:12:10 +0000 2018,30,@FoxNews
0.2023,2018-03-06,0.0,0.921,0.079,Tue Mar 06 21:07:05 +0000 2018,31,@FoxNews
-0.6689,2018-03-06,0.244,0.756,0.0,Tue Mar 06 21:03:42 +0000 2018,32,@FoxNews
0.7579,2018-03-06,0.0,0.711,0.289,Tue Mar 06 20:54:01 +0000 2018,33,@FoxNews
0.7906,2018-03-06,0.0,0.652,0.348,Tue Mar 06 20:49:43 +0000 2018,34,@FoxNews
0.8271,2018-03-06,0.0,0.617,0.383,Tue Mar 06 20:46:18 +0000 2018,35,@FoxNews
0.0,2018-03-06,0.0,1.0,0.0,Tue Mar 06 20:34:55 +0000 2018,36,@FoxNews
0.5106,2018-03-06,0.0,0.845,0.155,Tue Mar 06 20:19:22 +0000 2018,37,@FoxNews
0.34,2018-03-06,0.0,0.789,0.211,Tue Mar 06 20:09:07 +0000 2018,38,@FoxNews
0.4588,2018-03-06,0.143,0.536,0.321,Tue Mar 06 20:01:02 +0000 2018,39,@FoxNews
0.3612,2018-03-06,0.0,0.857,0.143,Tue Mar 06 19:46:56 +0000 2018,40,@FoxNews
0.2263,2018-03-06,0.0,0.872,0.128,Tue Mar 06 19:36:28 +0000 2018,41,@FoxNews
0.34,2018-03-06,0.0,0.844,0.156,Tue Mar 06 19:29:14 +0000 2018,42,@FoxNews
0.4215,2018-03-06,0.0,0.823,0.177,Tue Mar 06 19:14:55 +0000 2018,43,@FoxNews
-0.3818,2018-03-06,0.148,0.852,0.0,Tue Mar 06 19:11:44 +0000 2018,44,@FoxNews
-0.6369,2018-03-06,0.234,0.766,0.0,Tue Mar 06 19:08:44 +0000 2018,45,@FoxNews
0.4019,2018-03-06,0.0,0.722,0.278,Tue Mar 06 19:06:24 +0000 2018,46,@FoxNews
0.0,2018-03-06,0.0,1.0,0.0,Tue Mar 06 18:41:55 +0000 2018,47,@FoxNews
-0.2263,2018-03-06,0.225,0.775,0.0,Tue Mar 06 18:40:11 +0000 2018,48,@FoxNews
0.6214,2018-03-06,0.0,0.789,0.211,Tue Mar 06 18:38:24 +0000 2018,49,@FoxNews
0.4588,2018-03-06,0.0,0.88,0.12,Tue Mar 06 18:32:44 +0000 2018,50,@FoxNews
-0.4215,2018-03-06,0.364,0.455,0.182,Tue Mar 06 18:26:07 +0000 2018,51,@FoxNews
0.0,2018-03-06,0.0,1.0,0.0,Tue Mar 06 18:09:43 +0000 2018,52,@FoxNews
0.0,2018-03-06,0.0,1.0,0.0,Tue Mar 06 17:51:36 +0000 2018,53,@FoxNews
-0.4019,2018-03-06,0.219,0.685,0.096,Tue Mar 06 17:49:46 +0000 2018,54,@FoxNews
-0.1779,2018-03-06,0.199,0.643,0.158,Tue Mar 06 17:30:33 +0000 2018,55,@FoxNews
-0.5267,2018-03-06,0.207,0.793,0.0,Tue Mar 06 17:24:58 +0000 2018,56,@FoxNews
-0.1027,2018-03-06,0.097,0.903,0.0,Tue Mar 06 17:20:25 +0000 2018,57,@FoxNews
-0.1027,2018-03-06,0.142,0.755,0.104,Tue Mar 06 17:17:13 +0000 2018,58,@FoxNews
-0.6486,2018-03-06,0.306,0.694,0.0,Tue Mar 06 17:13:23 +0000 2018,59,@FoxNews
-0.6369,2018-03-06,0.271,0.729,0.0,Tue Mar 06 17:08:10 +0000 2018,60,@FoxNews
0.5267,2018-03-06,0.0,0.825,0.175,Tue Mar 06 17:06:58 +0000 2018,61,@FoxNews
0.0,2018-03-06,0.0,1.0,0.0,Tue Mar 06 16:50:42 +0000 2018,62,@FoxNews
0.4588,2018-03-06,0.0,0.842,0.158,Tue Mar 06 16:48:48 +0000 2018,63,@FoxNews
0.0,2018-03-06,0.0,1.0,0.0,Tue Mar 06 16:40:00 +0000 2018,64,@FoxNews
0.0,2018-03-06,0.0,1.0,0.0,Tue Mar 06 16:35:36 +0000 2018,65,@FoxNews
0.0,2018-03-06,0.0,1.0,0.0,Tue Mar 06 16:32:53 +0000 2018,66,@FoxNews
0.0,2018-03-06,0.0,1.0,0.0,Tue Mar 06 16:26:08 +0000 2018,67,@FoxNews
0.0,2018-03-06,0.0,1.0,0.0,Tue Mar 06 16:15:48 +0000 2018,68,@FoxNews
0.0,2018-03-06,0.0,1.0,0.0,Tue Mar 06 16:01:32 +0000 2018,69,@FoxNews
-0.25,2018-03-06,0.187,0.703,0.109,Tue Mar 06 15:59:42 +0000 2018,70,@FoxNews
-0.2732,2018-03-06,0.208,0.792,0.0,Tue Mar 06 15:39:45 +0000 2018,71,@FoxNews
0.0,2018-03-06,0.0,1.0,0.0,Tue Mar 06 15:36:37 +0000 2018,72,@FoxNews
-0.1027,2018-03-06,0.136,0.748,0.117,Tue Mar 06 15:31:36 +0000 2018,73,@FoxNews
-0.5719,2018-03-06,0.198,0.802,0.0,Tue Mar 06 15:25:16 +0000 2018,74,@FoxNews
0.6369,2018-03-06,0.0,0.714,0.286,Tue Mar 06 15:22:41 +0000 2018,75,@FoxNews
0.0,2018-03-06,0.0,1.0,0.0,Tue Mar 06 14:58:55 +0000 2018,76,@FoxNews
0.0,2018-03-06,0.0,1.0,0.0,Tue Mar 06 14:51:41 +0000 2018,77,@FoxNews
0.0,2018-03-06,0.0,1.0,0.0,Tue Mar 06 14:44:37 +0000 2018,78,@FoxNews
0.0,2018-03-06,0.0,1.0,0.0,Tue Mar 06 14:41:35 +0000 2018,79,@FoxNews
0.0258,2018-03-06,0.2,0.593,0.207,Tue Mar 06 14:22:59 +0000 2018,80,@FoxNews
0.0,2018-03-06,0.0,1.0,0.0,Tue Mar 06 14:22:10 +0000 2018,81,@FoxNews
0.5499,2018-03-06,0.0,0.855,0.145,Tue Mar 06 14:20:17 +0000 2018,82,@FoxNews
0.0,2018-03-06,0.0,1.0,0.0,Tue Mar 06 13:40:54 +0000 2018,83,@FoxNews
-0.4215,2018-03-06,0.322,0.517,0.161,Tue Mar 06 13:38:19 +0000 2018,84,@FoxNews
0.3182,2018-03-06,0.0,0.867,0.133,Tue Mar 06 13:23:13 +0000 2018,85,@FoxNews
-0.3612,2018-03-06,0.217,0.783,0.0,Tue Mar 06 13:12:28 +0000 2018,86,@FoxNews
0.0,2018-03-06,0.0,1.0,0.0,Tue Mar 06 13:07:45 +0000 2018,87,@FoxNews
0.4939,2018-03-06,0.0,0.814,0.186,Tue Mar 06 12:59:33 +0000 2018,88,@FoxNews
0.5574,2018-03-06,0.0,0.787,0.213,Tue Mar 06 12:54:30 +0000 2018,89,@FoxNews
-0.5994,2018-03-06,0.157,0.843,0.0,Tue Mar 06 12:44:33 +0000 2018,90,@FoxNews
0.4019,2018-03-06,0.0,0.769,0.231,Tue Mar 06 12:27:32 +0000 2018,91,@FoxNews
0.5267,2018-03-06,0.0,0.815,0.185,Tue Mar 06 12:24:54 +0000 2018,92,@FoxNews
-0.4588,2018-03-06,0.15,0.85,0.0,Tue Mar 06 12:16:59 +0000 2018,93,@FoxNews
0.0,2018-03-06,0.068,0.864,0.068,Tue Mar 06 12:03:53 +0000 2018,94,@FoxNews
0.6131,2018-03-06,0.0,0.8,0.2,Tue Mar 06 11:55:57 +0000 2018,95,@FoxNews
0.25,2018-03-06,0.071,0.81,0.119,Tue Mar 06 11:51:38 +0000 2018,96,@FoxNews
0.0,2018-03-06,0.0,1.0,0.0,Tue Mar 06 11:46:15 +0000 2018,97,@FoxNews
0.0,2018-03-06,0.0,1.0,0.0,Tue Mar 06 11:38:37 +0000 2018,98,@FoxNews
0.0,2018-03-06,0.0,1.0,0.0,Tue Mar 06 11:36:59 +0000 2018,99,@FoxNews
0.1779,2018-03-06,0.109,0.746,0.144,Tue Mar 06 11:31:08 +0000 2018,100,@FoxNews
0.2732,2018-03-07,0.155,0.559,0.286,Wed Mar 07 01:32:07 +0000 2018,1,@nytimes
0.0,2018-03-07,0.0,1.0,0.0,Wed Mar 07 01:17:07 +0000 2018,2,@nytimes
0.0,2018-03-07,0.0,1.0,0.0,Wed Mar 07 01:02:06 +0000 2018,3,@nytimes
0.0,2018-03-07,0.0,1.0,0.0,Wed Mar 07 00:51:04 +0000 2018,4,@nytimes
0.7269,2018-03-07,0.0,0.757,0.243,Wed Mar 07 00:47:01 +0000 2018,5,@nytimes
0.0,2018-03-07,0.0,1.0,0.0,Wed Mar 07 00:32:06 +0000 2018,6,@nytimes
0.0516,2018-03-07,0.081,0.83,0.09,Wed Mar 07 00:17:06 +0000 2018,7,@nytimes
0.4019,2018-03-07,0.0,0.886,0.114,Wed Mar 07 00:06:04 +0000 2018,8,@nytimes
0.5574,2018-03-06,0.0,0.827,0.173,Tue Mar 06 23:57:35 +0000 2018,9,@nytimes
0.4019,2018-03-06,0.0,0.863,0.137,Tue Mar 06 23:54:40 +0000 2018,10,@nytimes
0.0,2018-03-06,0.0,1.0,0.0,Tue Mar 06 23:47:01 +0000 2018,11,@nytimes
0.0,2018-03-06,0.0,1.0,0.0,Tue Mar 06 23:32:04 +0000 2018,12,@nytimes
0.4939,2018-03-06,0.0,0.868,0.132,Tue Mar 06 23:17:04 +0000 2018,13,@nytimes
0.2023,2018-03-06,0.0,0.878,0.122,Tue Mar 06 23:03:04 +0000 2018,14,@nytimes
0.8074,2018-03-06,0.0,0.672,0.328,Tue Mar 06 22:51:00 +0000 2018,15,@nytimes
0.0085,2018-03-06,0.239,0.519,0.242,Tue Mar 06 22:41:06 +0000 2018,16,@nytimes
-0.1531,2018-03-06,0.119,0.792,0.089,Tue Mar 06 22:32:35 +0000 2018,17,@nytimes
-0.2263,2018-03-06,0.23,0.588,0.182,Tue Mar 06 22:30:22 +0000 2018,18,@nytimes
0.0,2018-03-06,0.0,1.0,0.0,Tue Mar 06 22:17:03 +0000 2018,19,@nytimes
0.0,2018-03-06,0.0,1.0,0.0,Tue Mar 06 21:56:01 +0000 2018,20,@nytimes
0.0,2018-03-06,0.0,1.0,0.0,Tue Mar 06 21:42:03 +0000 2018,21,@nytimes
-0.296,2018-03-06,0.104,0.896,0.0,Tue Mar 06 21:28:06 +0000 2018,22,@nytimes
0.6344,2018-03-06,0.0,0.812,0.188,Tue Mar 06 21:18:08 +0000 2018,23,@nytimes
-0.3612,2018-03-06,0.2,0.8,0.0,Tue Mar 06 21:08:04 +0000 2018,24,@nytimes
-0.1027,2018-03-06,0.142,0.733,0.125,Tue Mar 06 20:53:06 +0000 2018,25,@nytimes
-0.7906,2018-03-06,0.292,0.708,0.0,Tue Mar 06 20:38:04 +0000 2018,26,@nytimes
0.4939,2018-03-06,0.0,0.811,0.189,Tue Mar 06 20:23:06 +0000 2018,27,@nytimes
0.0,2018-03-06,0.0,1.0,0.0,Tue Mar 06 20:08:05 +0000 2018,28,@nytimes
-0.5267,2018-03-06,0.152,0.848,0.0,Tue Mar 06 19:53:03 +0000 2018,29,@nytimes
0.0,2018-03-06,0.0,1.0,0.0,Tue Mar 06 19:38:05 +0000 2018,30,@nytimes
0.0,2018-03-06,0.0,1.0,0.0,Tue Mar 06 19:23:03 +0000 2018,31,@nytimes
-0.5574,2018-03-06,0.126,0.874,0.0,Tue Mar 06 19:13:05 +0000 2018,32,@nytimes
-0.2263,2018-03-06,0.139,0.861,0.0,Tue Mar 06 19:03:05 +0000 2018,33,@nytimes
0.2023,2018-03-06,0.0,0.913,0.087,Tue Mar 06 18:48:32 +0000 2018,34,@nytimes
-0.1027,2018-03-06,0.085,0.915,0.0,Tue Mar 06 18:20:12 +0000 2018,35,@nytimes
-0.4215,2018-03-06,0.256,0.56,0.184,Tue Mar 06 18:10:09 +0000 2018,36,@nytimes
0.2411,2018-03-06,0.0,0.897,0.103,Tue Mar 06 17:55:27 +0000 2018,37,@nytimes
0.0,2018-03-06,0.0,1.0,0.0,Tue Mar 06 17:40:06 +0000 2018,38,@nytimes
-0.2732,2018-03-06,0.1,0.9,0.0,Tue Mar 06 17:30:21 +0000 2018,39,@nytimes
0.0,2018-03-06,0.0,1.0,0.0,Tue Mar 06 17:20:11 +0000 2018,40,@nytimes
0.0,2018-03-06,0.0,1.0,0.0,Tue Mar 06 17:07:48 +0000 2018,41,@nytimes
0.0,2018-03-06,0.0,1.0,0.0,Tue Mar 06 17:06:47 +0000 2018,42,@nytimes
-0.4168,2018-03-06,0.127,0.873,0.0,Tue Mar 06 17:04:42 +0000 2018,43,@nytimes
0.4118,2018-03-06,0.0,0.867,0.133,Tue Mar 06 17:01:43 +0000 2018,44,@nytimes
0.0,2018-03-06,0.0,1.0,0.0,Tue Mar 06 17:00:08 +0000 2018,45,@nytimes
0.4215,2018-03-06,0.0,0.851,0.149,Tue Mar 06 16:58:10 +0000 2018,46,@nytimes
0.0,2018-03-06,0.0,1.0,0.0,Tue Mar 06 16:55:50 +0000 2018,47,@nytimes
0.0,2018-03-06,0.0,1.0,0.0,Tue Mar 06 16:53:20 +0000 2018,48,@nytimes
-0.8519,2018-03-06,0.329,0.671,0.0,Tue Mar 06 16:45:04 +0000 2018,49,@nytimes
-0.3182,2018-03-06,0.103,0.897,0.0,Tue Mar 06 16:35:05 +0000 2018,50,@nytimes
-0.4767,2018-03-06,0.19,0.733,0.077,Tue Mar 06 16:25:06 +0000 2018,51,@nytimes
-0.34,2018-03-06,0.118,0.882,0.0,Tue Mar 06 16:10:04 +0000 2018,52,@nytimes
0.0,2018-03-06,0.0,1.0,0.0,Tue Mar 06 16:05:36 +0000 2018,53,@nytimes
0.3291,2018-03-06,0.0,0.879,0.121,Tue Mar 06 15:55:03 +0000 2018,54,@nytimes
0.1779,2018-03-06,0.0,0.918,0.082,Tue Mar 06 15:40:15 +0000 2018,55,@nytimes
0.0,2018-03-06,0.0,1.0,0.0,Tue Mar 06 15:25:04 +0000 2018,56,@nytimes
-0.4215,2018-03-06,0.118,0.882,0.0,Tue Mar 06 15:10:06 +0000 2018,57,@nytimes
0.0,2018-03-06,0.0,1.0,0.0,Tue Mar 06 14:55:00 +0000 2018,58,@nytimes
0.4767,2018-03-06,0.0,0.838,0.162,Tue Mar 06 14:45:07 +0000 2018,59,@nytimes
0.0,2018-03-06,0.0,1.0,0.0,Tue Mar 06 14:30:08 +0000 2018,60,@nytimes
-0.5719,2018-03-06,0.222,0.778,0.0,Tue Mar 06 14:15:03 +0000 2018,61,@nytimes
0.5574,2018-03-06,0.0,0.841,0.159,Tue Mar 06 13:45:11 +0000 2018,62,@nytimes
0.0,2018-03-06,0.0,1.0,0.0,Tue Mar 06 13:30:20 +0000 2018,63,@nytimes
0.0,2018-03-06,0.0,1.0,0.0,Tue Mar 06 13:16:03 +0000 2018,64,@nytimes
-0.5423,2018-03-06,0.246,0.632,0.123,Tue Mar 06 13:02:07 +0000 2018,65,@nytimes
0.3182,2018-03-06,0.086,0.769,0.145,Tue Mar 06 12:47:02 +0000 2018,66,@nytimes
0.25,2018-03-06,0.155,0.655,0.19,Tue Mar 06 12:33:04 +0000 2018,67,@nytimes
-0.0679,2018-03-06,0.146,0.754,0.1,Tue Mar 06 12:17:01 +0000 2018,68,@nytimes
-0.7845,2018-03-06,0.247,0.753,0.0,Tue Mar 06 12:02:12 +0000 2018,69,@nytimes
-0.128,2018-03-06,0.115,0.791,0.095,Tue Mar 06 11:47:21 +0000 2018,70,@nytimes
-0.128,2018-03-06,0.178,0.675,0.147,Tue Mar 06 11:46:53 +0000 2018,71,@nytimes
0.4404,2018-03-06,0.0,0.674,0.326,Tue Mar 06 11:28:56 +0000 2018,72,@nytimes
-0.3818,2018-03-06,0.224,0.776,0.0,Tue Mar 06 11:25:03 +0000 2018,73,@nytimes
-0.5106,2018-03-06,0.345,0.504,0.151,Tue Mar 06 11:24:22 +0000 2018,74,@nytimes
-0.6705,2018-03-06,0.164,0.836,0.0,Tue Mar 06 11:07:29 +0000 2018,75,@nytimes
0.3612,2018-03-06,0.0,0.839,0.161,Tue Mar 06 10:48:57 +0000 2018,76,@nytimes
0.4939,2018-03-06,0.12,0.602,0.278,Tue Mar 06 10:47:04 +0000 2018,77,@nytimes
0.0,2018-03-06,0.0,1.0,0.0,Tue Mar 06 10:29:14 +0000 2018,78,@nytimes
0.0258,2018-03-06,0.287,0.42,0.294,Tue Mar 06 10:10:54 +0000 2018,79,@nytimes
0.3612,2018-03-06,0.0,0.615,0.385,Tue Mar 06 09:52:32 +0000 2018,80,@nytimes
-0.128,2018-03-06,0.092,0.837,0.072,Tue Mar 06 09:34:01 +0000 2018,81,@nytimes
0.0,2018-03-06,0.0,1.0,0.0,Tue Mar 06 09:10:28 +0000 2018,82,@nytimes
0.5994,2018-03-06,0.0,0.672,0.328,Tue Mar 06 08:54:23 +0000 2018,83,@nytimes
-0.4391,2018-03-06,0.149,0.791,0.06,Tue Mar 06 08:36:09 +0000 2018,84,@nytimes
0.0,2018-03-06,0.0,1.0,0.0,Tue Mar 06 08:18:06 +0000 2018,85,@nytimes
0.0,2018-03-06,0.0,1.0,0.0,Tue Mar 06 07:58:18 +0000 2018,86,@nytimes
0.0,2018-03-06,0.0,1.0,0.0,Tue Mar 06 07:41:03 +0000 2018,87,@nytimes
0.2263,2018-03-06,0.156,0.578,0.266,Tue Mar 06 07:32:03 +0000 2018,88,@nytimes
-0.1531,2018-03-06,0.14,0.753,0.108,Tue Mar 06 07:09:03 +0000 2018,89,@nytimes
0.4767,2018-03-06,0.0,0.853,0.147,Tue Mar 06 06:53:27 +0000 2018,90,@nytimes
-0.5719,2018-03-06,0.236,0.764,0.0,Tue Mar 06 06:35:41 +0000 2018,91,@nytimes
0.0,2018-03-06,0.0,1.0,0.0,Tue Mar 06 06:35:06 +0000 2018,92,@nytimes
0.2484,2018-03-06,0.122,0.698,0.18,Tue Mar 06 06:19:18 +0000 2018,93,@nytimes
-0.946,2018-03-06,0.489,0.511,0.0,Tue Mar 06 06:02:02 +0000 2018,94,@nytimes
0.0,2018-03-06,0.0,1.0,0.0,Tue Mar 06 05:47:02 +0000 2018,95,@nytimes
-0.1779,2018-03-06,0.072,0.928,0.0,Tue Mar 06 05:32:04 +0000 2018,96,@nytimes
-0.4215,2018-03-06,0.149,0.851,0.0,Tue Mar 06 05:17:03 +0000 2018,97,@nytimes
0.0,2018-03-06,0.0,1.0,0.0,Tue Mar 06 05:12:29 +0000 2018,98,@nytimes
0.0,2018-03-06,0.0,1.0,0.0,Tue Mar 06 05:02:02 +0000 2018,99,@nytimes
0.9177,2018-03-06,0.0,0.54,0.46,Tue Mar 06 04:47:08 +0000 2018,100,@nytimes
0.0772,2018-03-07,0.0,0.929,0.071,Wed Mar 07 01:32:07 +0000 2018,1,@washingtonpost
0.34,2018-03-07,0.0,0.821,0.179,Wed Mar 07 01:31:05 +0000 2018,2,@washingtonpost
-0.296,2018-03-07,0.311,0.485,0.204,Wed Mar 07 01:27:00 +0000 2018,3,@washingtonpost
0.0,2018-03-07,0.0,1.0,0.0,Wed Mar 07 01:23:32 +0000 2018,4,@washingtonpost
-0.5994,2018-03-07,0.259,0.741,0.0,Wed Mar 07 01:23:05 +0000 2018,5,@washingtonpost
0.0,2018-03-07,0.0,1.0,0.0,Wed Mar 07 01:22:04 +0000 2018,6,@washingtonpost
0.0,2018-03-07,0.0,1.0,0.0,Wed Mar 07 01:21:45 +0000 2018,7,@washingtonpost
-0.3818,2018-03-07,0.19,0.741,0.069,Wed Mar 07 01:19:22 +0000 2018,8,@washingtonpost
-0.6124,2018-03-07,0.227,0.773,0.0,Wed Mar 07 01:15:08 +0000 2018,9,@washingtonpost
0.0,2018-03-07,0.0,1.0,0.0,Wed Mar 07 01:05:09 +0000 2018,10,@washingtonpost
-0.6369,2018-03-07,0.245,0.755,0.0,Wed Mar 07 01:03:28 +0000 2018,11,@washingtonpost
0.1154,2018-03-07,0.215,0.62,0.165,Wed Mar 07 00:59:05 +0000 2018,12,@washingtonpost
0.5994,2018-03-07,0.0,0.435,0.565,Wed Mar 07 00:54:24 +0000 2018,13,@washingtonpost
-0.3612,2018-03-07,0.122,0.878,0.0,Wed Mar 07 00:42:02 +0000 2018,14,@washingtonpost
-0.3802,2018-03-07,0.156,0.844,0.0,Wed Mar 07 00:40:14 +0000 2018,15,@washingtonpost
0.8885,2018-03-07,0.0,0.489,0.511,Wed Mar 07 00:15:06 +0000 2018,16,@washingtonpost
-0.5106,2018-03-07,0.216,0.784,0.0,Wed Mar 07 00:10:11 +0000 2018,17,@washingtonpost
-0.5849,2018-03-07,0.202,0.798,0.0,Wed Mar 07 00:00:24 +0000 2018,18,@washingtonpost
0.0,2018-03-06,0.0,1.0,0.0,Tue Mar 06 23:56:04 +0000 2018,19,@washingtonpost
0.34,2018-03-06,0.096,0.75,0.154,Tue Mar 06 23:52:00 +0000 2018,20,@washingtonpost
0.0,2018-03-06,0.0,1.0,0.0,Tue Mar 06 23:49:40 +0000 2018,21,@washingtonpost
0.0,2018-03-06,0.0,1.0,0.0,Tue Mar 06 23:42:05 +0000 2018,22,@washingtonpost
0.0,2018-03-06,0.0,1.0,0.0,Tue Mar 06 23:42:03 +0000 2018,23,@washingtonpost
-0.7845,2018-03-06,0.408,0.592,0.0,Tue Mar 06 23:39:05 +0000 2018,24,@washingtonpost
0.0,2018-03-06,0.0,1.0,0.0,Tue Mar 06 23:29:05 +0000 2018,25,@washingtonpost
0.2598,2018-03-06,0.167,0.59,0.243,Tue Mar 06 23:25:48 +0000 2018,26,@washingtonpost
0.0,2018-03-06,0.0,1.0,0.0,Tue Mar 06 23:13:07 +0000 2018,27,@washingtonpost
-0.7964,2018-03-06,0.503,0.378,0.119,Tue Mar 06 23:13:05 +0000 2018,28,@washingtonpost
0.4404,2018-03-06,0.0,0.868,0.132,Tue Mar 06 23:06:06 +0000 2018,29,@washingtonpost
0.6124,2018-03-06,0.0,0.688,0.312,Tue Mar 06 23:02:04 +0000 2018,30,@washingtonpost
0.0,2018-03-06,0.0,1.0,0.0,Tue Mar 06 22:59:08 +0000 2018,31,@washingtonpost
-0.4767,2018-03-06,0.171,0.829,0.0,Tue Mar 06 22:54:11 +0000 2018,32,@washingtonpost
0.7783,2018-03-06,0.0,0.618,0.382,Tue Mar 06 22:50:05 +0000 2018,33,@washingtonpost
-0.296,2018-03-06,0.186,0.698,0.116,Tue Mar 06 22:47:03 +0000 2018,34,@washingtonpost
-0.128,2018-03-06,0.152,0.728,0.119,Tue Mar 06 22:46:45 +0000 2018,35,@washingtonpost
0.0,2018-03-06,0.0,1.0,0.0,Tue Mar 06 22:42:56 +0000 2018,36,@washingtonpost
0.0,2018-03-06,0.0,1.0,0.0,Tue Mar 06 22:38:03 +0000 2018,37,@washingtonpost
0.0,2018-03-06,0.0,1.0,0.0,Tue Mar 06 22:36:07 +0000 2018,38,@washingtonpost
-0.25,2018-03-06,0.1,0.9,0.0,Tue Mar 06 22:35:10 +0000 2018,39,@washingtonpost
0.0,2018-03-06,0.0,1.0,0.0,Tue Mar 06 22:32:35 +0000 2018,40,@washingtonpost
0.128,2018-03-06,0.0,0.87,0.13,Tue Mar 06 22:18:13 +0000 2018,41,@washingtonpost
-0.5267,2018-03-06,0.236,0.764,0.0,Tue Mar 06 22:13:05 +0000 2018,42,@washingtonpost
-0.1027,2018-03-06,0.076,0.924,0.0,Tue Mar 06 22:13:03 +0000 2018,43,@washingtonpost
-0.4939,2018-03-06,0.276,0.724,0.0,Tue Mar 06 22:11:29 +0000 2018,44,@washingtonpost
0.0,2018-03-06,0.0,1.0,0.0,Tue Mar 06 22:02:02 +0000 2018,45,@washingtonpost
-0.5574,2018-03-06,0.184,0.816,0.0,Tue Mar 06 22:00:07 +0000 2018,46,@washingtonpost
0.0,2018-03-06,0.0,1.0,0.0,Tue Mar 06 21:52:05 +0000 2018,47,@washingtonpost
0.0,2018-03-06,0.0,1.0,0.0,Tue Mar 06 21:41:10 +0000 2018,48,@washingtonpost
0.5106,2018-03-06,0.0,0.798,0.202,Tue Mar 06 21:39:55 +0000 2018,49,@washingtonpost
0.0,2018-03-06,0.0,1.0,0.0,Tue Mar 06 21:35:06 +0000 2018,50,@washingtonpost
0.7003,2018-03-06,0.0,0.691,0.309,Tue Mar 06 21:32:05 +0000 2018,51,@washingtonpost
0.0,2018-03-06,0.0,1.0,0.0,Tue Mar 06 21:32:05 +0000 2018,52,@washingtonpost
-0.5423,2018-03-06,0.226,0.774,0.0,Tue Mar 06 21:26:07 +0000 2018,53,@washingtonpost
-0.4019,2018-03-06,0.278,0.722,0.0,Tue Mar 06 21:22:35 +0000 2018,54,@washingtonpost
-0.2732,2018-03-06,0.168,0.726,0.106,Tue Mar 06 21:15:29 +0000 2018,55,@washingtonpost
0.7351,2018-03-06,0.0,0.563,0.437,Tue Mar 06 21:09:06 +0000 2018,56,@washingtonpost
0.0,2018-03-06,0.0,1.0,0.0,Tue Mar 06 21:08:08 +0000 2018,57,@washingtonpost
-0.34,2018-03-06,0.156,0.844,0.0,Tue Mar 06 21:01:57 +0000 2018,58,@washingtonpost
0.0,2018-03-06,0.0,1.0,0.0,Tue Mar 06 20:48:04 +0000 2018,59,@washingtonpost
0.0,2018-03-06,0.0,1.0,0.0,Tue Mar 06 20:37:01 +0000 2018,60,@washingtonpost
0.6369,2018-03-06,0.0,0.682,0.318,Tue Mar 06 20:32:05 +0000 2018,61,@washingtonpost
0.7269,2018-03-06,0.0,0.647,0.353,Tue Mar 06 20:31:13 +0000 2018,62,@washingtonpost
0.0,2018-03-06,0.0,1.0,0.0,Tue Mar 06 20:27:07 +0000 2018,63,@washingtonpost
0.0,2018-03-06,0.0,1.0,0.0,Tue Mar 06 20:20:51 +0000 2018,64,@washingtonpost
0.3818,2018-03-06,0.0,0.843,0.157,Tue Mar 06 20:20:21 +0000 2018,65,@washingtonpost
-0.5267,2018-03-06,0.216,0.784,0.0,Tue Mar 06 20:18:22 +0000 2018,66,@washingtonpost
-0.4215,2018-03-06,0.203,0.797,0.0,Tue Mar 06 20:13:06 +0000 2018,67,@washingtonpost
-0.296,2018-03-06,0.155,0.845,0.0,Tue Mar 06 20:12:16 +0000 2018,68,@washingtonpost
-0.7003,2018-03-06,0.345,0.655,0.0,Tue Mar 06 19:59:42 +0000 2018,69,@washingtonpost
0.0,2018-03-06,0.0,1.0,0.0,Tue Mar 06 19:47:14 +0000 2018,70,@washingtonpost
0.4019,2018-03-06,0.0,0.803,0.197,Tue Mar 06 19:40:06 +0000 2018,71,@washingtonpost
-0.4939,2018-03-06,0.198,0.802,0.0,Tue Mar 06 19:34:56 +0000 2018,72,@washingtonpost
0.3818,2018-03-06,0.0,0.794,0.206,Tue Mar 06 19:28:44 +0000 2018,73,@washingtonpost
0.0,2018-03-06,0.0,1.0,0.0,Tue Mar 06 19:22:38 +0000 2018,74,@washingtonpost
0.5267,2018-03-06,0.0,0.714,0.286,Tue Mar 06 19:16:28 +0000 2018,75,@washingtonpost
0.3818,2018-03-06,0.0,0.822,0.178,Tue Mar 06 19:10:12 +0000 2018,76,@washingtonpost
-0.6486,2018-03-06,0.212,0.788,0.0,Tue Mar 06 18:58:05 +0000 2018,77,@washingtonpost
0.6369,2018-03-06,0.0,0.682,0.318,Tue Mar 06 18:52:19 +0000 2018,78,@washingtonpost
0.0,2018-03-06,0.0,1.0,0.0,Tue Mar 06 18:46:35 +0000 2018,79,@washingtonpost
0.1027,2018-03-06,0.086,0.805,0.109,Tue Mar 06 18:34:19 +0000 2018,80,@washingtonpost
0.0,2018-03-06,0.0,1.0,0.0,Tue Mar 06 18:28:23 +0000 2018,81,@washingtonpost
0.0,2018-03-06,0.0,1.0,0.0,Tue Mar 06 18:27:21 +0000 2018,82,@washingtonpost
-0.4019,2018-03-06,0.287,0.564,0.149,Tue Mar 06 18:22:17 +0000 2018,83,@washingtonpost
0.0,2018-03-06,0.0,1.0,0.0,Tue Mar 06 18:16:34 +0000 2018,84,@washingtonpost
0.0,2018-03-06,0.0,1.0,0.0,Tue Mar 06 18:10:51 +0000 2018,85,@washingtonpost
0.5352,2018-03-06,0.0,0.745,0.255,Tue Mar 06 17:57:06 +0000 2018,86,@washingtonpost
0.7003,2018-03-06,0.0,0.608,0.392,Tue Mar 06 17:52:48 +0000 2018,87,@washingtonpost
0.0,2018-03-06,0.0,1.0,0.0,Tue Mar 06 17:39:03 +0000 2018,88,@washingtonpost
-0.6908,2018-03-06,0.207,0.793,0.0,Tue Mar 06 17:30:48 +0000 2018,89,@washingtonpost
-0.875,2018-03-06,0.458,0.542,0.0,Tue Mar 06 17:20:02 +0000 2018,90,@washingtonpost
-0.4215,2018-03-06,0.177,0.823,0.0,Tue Mar 06 17:14:06 +0000 2018,91,@washingtonpost
0.0,2018-03-06,0.0,1.0,0.0,Tue Mar 06 17:13:04 +0000 2018,92,@washingtonpost
0.0258,2018-03-06,0.13,0.734,0.136,Tue Mar 06 17:05:11 +0000 2018,93,@washingtonpost
-0.4404,2018-03-06,0.172,0.828,0.0,Tue Mar 06 16:56:09 +0000 2018,94,@washingtonpost
0.3612,2018-03-06,0.0,0.828,0.172,Tue Mar 06 16:50:00 +0000 2018,95,@washingtonpost
0.7067,2018-03-06,0.103,0.577,0.32,Tue Mar 06 16:40:17 +0000 2018,96,@washingtonpost
0.1027,2018-03-06,0.0,0.877,0.123,Tue Mar 06 16:30:54 +0000 2018,97,@washingtonpost
-0.5106,2018-03-06,0.32,0.68,0.0,Tue Mar 06 16:30:26 +0000 2018,98,@washingtonpost
0.4215,2018-03-06,0.0,0.797,0.203,Tue Mar 06 16:25:51 +0000 2018,99,@washingtonpost
0.0,2018-03-06,0.0,1.0,0.0,Tue Mar 06 16:20:47 +0000 2018,100,@washingtonpost
-0.2023,2018-03-07,0.167,0.833,0.0,Wed Mar 07 01:30:26 +0000 2018,1,@VICE
-0.6597,2018-03-07,0.306,0.694,0.0,Wed Mar 07 01:15:06 +0000 2018,2,@VICE
0.7177,2018-03-07,0.0,0.762,0.238,Wed Mar 07 01:00:48 +0000 2018,3,@VICE
0.4019,2018-03-07,0.107,0.711,0.182,Wed Mar 07 00:50:04 +0000 2018,4,@VICE
-0.765,2018-03-07,0.486,0.423,0.092,Wed Mar 07 00:40:08 +0000 2018,5,@VICE
0.4215,2018-03-07,0.115,0.642,0.243,Wed Mar 07 00:29:20 +0000 2018,6,@VICE
-0.4019,2018-03-07,0.231,0.769,0.0,Wed Mar 07 00:15:01 +0000 2018,7,@VICE
0.7964,2018-03-07,0.0,0.496,0.504,Wed Mar 07 00:01:04 +0000 2018,8,@VICE
0.0,2018-03-06,0.0,1.0,0.0,Tue Mar 06 23:45:12 +0000 2018,9,@VICE
0.0,2018-03-06,0.125,0.75,0.125,Tue Mar 06 23:33:01 +0000 2018,10,@VICE
0.0,2018-03-06,0.0,1.0,0.0,Tue Mar 06 23:06:04 +0000 2018,11,@VICE
0.25,2018-03-06,0.0,0.857,0.143,Tue Mar 06 23:01:00 +0000 2018,12,@VICE
-0.7003,2018-03-06,0.309,0.691,0.0,Tue Mar 06 22:52:27 +0000 2018,13,@VICE
0.0258,2018-03-06,0.11,0.776,0.114,Tue Mar 06 22:49:02 +0000 2018,14,@VICE
-0.296,2018-03-06,0.18,0.82,0.0,Tue Mar 06 22:45:07 +0000 2018,15,@VICE
-0.5574,2018-03-06,0.365,0.635,0.0,Tue Mar 06 22:44:31 +0000 2018,16,@VICE
0.0,2018-03-06,0.0,1.0,0.0,Tue Mar 06 22:40:13 +0000 2018,17,@VICE
0.5267,2018-03-06,0.0,0.726,0.274,Tue Mar 06 22:30:11 +0000 2018,18,@VICE
-0.5719,2018-03-06,0.171,0.829,0.0,Tue Mar 06 22:29:19 +0000 2018,19,@VICE
-0.4019,2018-03-06,0.213,0.787,0.0,Tue Mar 06 22:19:21 +0000 2018,20,@VICE
-0.6597,2018-03-06,0.239,0.761,0.0,Tue Mar 06 22:13:15 +0000 2018,21,@VICE
-0.6597,2018-03-06,0.328,0.672,0.0,Tue Mar 06 22:12:04 +0000 2018,22,@VICE
0.4215,2018-03-06,0.0,0.882,0.118,Tue Mar 06 22:03:23 +0000 2018,23,@VICE
0.3182,2018-03-06,0.0,0.916,0.084,Tue Mar 06 22:01:27 +0000 2018,24,@VICE
0.0,2018-03-06,0.0,1.0,0.0,Tue Mar 06 21:57:58 +0000 2018,25,@VICE
0.5719,2018-03-06,0.0,0.709,0.291,Tue Mar 06 21:56:14 +0000 2018,26,@VICE
-0.4939,2018-03-06,0.161,0.753,0.086,Tue Mar 06 21:49:42 +0000 2018,27,@VICE
0.3818,2018-03-06,0.0,0.867,0.133,Tue Mar 06 21:45:25 +0000 2018,28,@VICE
0.5267,2018-03-06,0.0,0.848,0.152,Tue Mar 06 21:30:26 +0000 2018,29,@VICE
0.25,2018-03-06,0.0,0.882,0.118,Tue Mar 06 21:30:08 +0000 2018,30,@VICE
0.8126,2018-03-06,0.0,0.575,0.425,Tue Mar 06 21:29:36 +0000 2018,31,@VICE
0.5719,2018-03-06,0.0,0.709,0.291,Tue Mar 06 21:23:59 +0000 2018,32,@VICE
-0.7003,2018-03-06,0.326,0.674,0.0,Tue Mar 06 21:09:52 +0000 2018,33,@VICE
0.5994,2018-03-06,0.0,0.769,0.231,Tue Mar 06 21:01:32 +0000 2018,34,@VICE
-0.3182,2018-03-06,0.187,0.813,0.0,Tue Mar 06 20:45:17 +0000 2018,35,@VICE
-0.765,2018-03-06,0.379,0.549,0.071,Tue Mar 06 20:30:41 +0000 2018,36,@VICE
0.1298,2018-03-06,0.089,0.8,0.111,Tue Mar 06 20:15:05 +0000 2018,37,@VICE
0.0,2018-03-06,0.0,1.0,0.0,Tue Mar 06 20:05:50 +0000 2018,38,@VICE
-0.3387,2018-03-06,0.22,0.608,0.172,Tue Mar 06 20:02:16 +0000 2018,39,@VICE
0.0,2018-03-06,0.0,1.0,0.0,Tue Mar 06 20:00:24 +0000 2018,40,@VICE
-0.0772,2018-03-06,0.151,0.711,0.138,Tue Mar 06 19:59:57 +0000 2018,41,@VICE
-0.128,2018-03-06,0.073,0.927,0.0,Tue Mar 06 19:44:26 +0000 2018,42,@VICE
0.34,2018-03-06,0.0,0.882,0.118,Tue Mar 06 19:30:35 +0000 2018,43,@VICE
0.0,2018-03-06,0.0,1.0,0.0,Tue Mar 06 19:30:14 +0000 2018,44,@VICE
0.2023,2018-03-06,0.092,0.777,0.131,Tue Mar 06 19:15:06 +0000 2018,45,@VICE
0.0,2018-03-06,0.0,1.0,0.0,Tue Mar 06 19:01:59 +0000 2018,46,@VICE
0.5719,2018-03-06,0.0,0.73,0.27,Tue Mar 06 18:46:13 +0000 2018,47,@VICE
0.3182,2018-03-06,0.0,0.916,0.084,Tue Mar 06 18:40:43 +0000 2018,48,@VICE
-0.5859,2018-03-06,0.297,0.703,0.0,Tue Mar 06 18:35:58 +0000 2018,49,@VICE
-0.296,2018-03-06,0.115,0.885,0.0,Tue Mar 06 18:34:31 +0000 2018,50,@VICE
0.0,2018-03-06,0.0,1.0,0.0,Tue Mar 06 18:31:57 +0000 2018,51,@VICE
0.4939,2018-03-06,0.0,0.775,0.225,Tue Mar 06 18:30:43 +0000 2018,52,@VICE
-0.5719,2018-03-06,0.171,0.829,0.0,Tue Mar 06 18:25:49 +0000 2018,53,@VICE
0.0,2018-03-06,0.147,0.706,0.147,Tue Mar 06 18:25:33 +0000 2018,54,@VICE
0.5859,2018-03-06,0.0,0.743,0.257,Tue Mar 06 18:17:18 +0000 2018,55,@VICE
0.0,2018-03-06,0.0,1.0,0.0,Tue Mar 06 18:16:59 +0000 2018,56,@VICE
0.7096,2018-03-06,0.0,0.629,0.371,Tue Mar 06 18:12:23 +0000 2018,57,@VICE
-0.7269,2018-03-06,0.291,0.613,0.096,Tue Mar 06 18:01:14 +0000 2018,58,@VICE
0.0,2018-03-06,0.0,1.0,0.0,Tue Mar 06 18:00:49 +0000 2018,59,@VICE
0.5267,2018-03-06,0.0,0.746,0.254,Tue Mar 06 17:45:11 +0000 2018,60,@VICE
0.3612,2018-03-06,0.0,0.857,0.143,Tue Mar 06 17:30:40 +0000 2018,61,@VICE
0.5719,2018-03-06,0.0,0.764,0.236,Tue Mar 06 17:20:31 +0000 2018,62,@VICE
-0.6124,2018-03-06,0.308,0.692,0.0,Tue Mar 06 17:15:07 +0000 2018,63,@VICE
-0.5719,2018-03-06,0.236,0.764,0.0,Tue Mar 06 17:11:08 +0000 2018,64,@VICE
-0.5106,2018-03-06,0.32,0.68,0.0,Tue Mar 06 17:00:56 +0000 2018,65,@VICE
-0.0258,2018-03-06,0.072,0.861,0.067,Tue Mar 06 16:56:40 +0000 2018,66,@VICE
-0.4588,2018-03-06,0.2,0.8,0.0,Tue Mar 06 16:39:01 +0000 2018,67,@VICE
-0.2732,2018-03-06,0.1,0.9,0.0,Tue Mar 06 16:36:33 +0000 2018,68,@VICE
-0.765,2018-03-06,0.454,0.461,0.086,Tue Mar 06 16:30:35 +0000 2018,69,@VICE
0.4019,2018-03-06,0.0,0.803,0.197,Tue Mar 06 16:30:02 +0000 2018,70,@VICE
-0.3182,2018-03-06,0.108,0.892,0.0,Tue Mar 06 16:15:36 +0000 2018,71,@VICE
0.0,2018-03-06,0.0,1.0,0.0,Tue Mar 06 16:13:19 +0000 2018,72,@VICE
0.0,2018-03-06,0.0,1.0,0.0,Tue Mar 06 15:59:30 +0000 2018,73,@VICE
0.0,2018-03-06,0.0,1.0,0.0,Tue Mar 06 15:38:09 +0000 2018,74,@VICE
-0.4374,2018-03-06,0.153,0.847,0.0,Tue Mar 06 15:37:45 +0000 2018,75,@VICE
0.4215,2018-03-06,0.0,0.641,0.359,Tue Mar 06 15:31:42 +0000 2018,76,@VICE
-0.6124,2018-03-06,0.328,0.539,0.132,Tue Mar 06 15:28:03 +0000 2018,77,@VICE
-0.5574,2018-03-06,0.167,0.833,0.0,Tue Mar 06 15:22:22 +0000 2018,78,@VICE
-0.5859,2018-03-06,0.322,0.678,0.0,Tue Mar 06 15:18:15 +0000 2018,79,@VICE
0.0,2018-03-06,0.0,1.0,0.0,Tue Mar 06 15:18:05 +0000 2018,80,@VICE
-0.34,2018-03-06,0.156,0.844,0.0,Tue Mar 06 15:07:56 +0000 2018,81,@VICE
0.0,2018-03-06,0.0,1.0,0.0,Tue Mar 06 15:07:51 +0000 2018,82,@VICE
-0.8934,2018-03-06,0.565,0.435,0.0,Tue Mar 06 14:45:15 +0000 2018,83,@VICE
0.0,2018-03-06,0.0,1.0,0.0,Tue Mar 06 14:36:55 +0000 2018,84,@VICE
0.3612,2018-03-06,0.0,0.615,0.385,Tue Mar 06 14:30:37 +0000 2018,85,@VICE
0.0772,2018-03-06,0.0,0.874,0.126,Tue Mar 06 13:00:47 +0000 2018,86,@VICE
0.0,2018-03-06,0.0,1.0,0.0,Tue Mar 06 12:30:05 +0000 2018,87,@VICE
0.0,2018-03-06,0.0,1.0,0.0,Tue Mar 06 12:01:08 +0000 2018,88,@VICE
0.0,2018-03-06,0.0,1.0,0.0,Tue Mar 06 11:00:47 +0000 2018,89,@VICE
0.0,2018-03-06,0.0,1.0,0.0,Tue Mar 06 10:00:50 +0000 2018,90,@VICE
0.0,2018-03-06,0.0,1.0,0.0,Tue Mar 06 09:00:42 +0000 2018,91,@VICE
0.0,2018-03-06,0.0,1.0,0.0,Tue Mar 06 08:00:14 +0000 2018,92,@VICE
0.0,2018-03-06,0.0,1.0,0.0,Tue Mar 06 07:00:03 +0000 2018,93,@VICE
-0.0572,2018-03-06,0.1,0.9,0.0,Tue Mar 06 06:00:04 +0000 2018,94,@VICE
0.0,2018-03-06,0.0,1.0,0.0,Tue Mar 06 05:30:06 +0000 2018,95,@VICE
0.0,2018-03-06,0.0,1.0,0.0,Tue Mar 06 05:00:03 +0000 2018,96,@VICE
0.0,2018-03-06,0.0,1.0,0.0,Tue Mar 06 04:30:08 +0000 2018,97,@VICE
0.0,2018-03-06,0.0,1.0,0.0,Tue Mar 06 04:15:01 +0000 2018,98,@VICE
-0.802,2018-03-06,0.539,0.461,0.0,Tue Mar 06 04:00:13 +0000 2018,99,@VICE
-0.4215,2018-03-06,0.167,0.833,0.0,Tue Mar 06 03:30:13 +0000 2018,100,@VICE
